{
    "faces":[32,2,1,0,0,0,0,32,0,7,6,1,1,1,32,6,5,4,0,0,0,32,4,3,2,0,0,0,32,2,0,6,2,2,2,32,6,4,2,0,0,0,33,8,9,10,11,3,3,3,3,32,15,14,21,4,4,4,32,15,21,23,5,5,5,32,20,16,12,6,6,6,32,15,23,22,7,7,7,32,22,20,12,8,8,8,32,12,15,22,9,9,9,33,8,12,13,9,10,10,10,10,33,9,13,14,10,11,11,11,11,33,10,14,15,11,12,12,12,12,33,12,8,11,15,13,13,13,13,33,23,21,6,7,14,14,14,14,33,16,20,1,2,15,15,15,15,33,21,19,5,6,16,16,16,16,33,17,16,2,3,17,17,17,17,32,19,21,14,2,2,2,32,13,12,16,18,18,18,32,13,16,17,19,19,19,32,18,19,14,2,2,2,32,13,17,18,2,2,2,32,18,14,13,0,0,0,33,18,17,3,4,20,20,20,20,33,7,0,22,23,21,21,21,21,33,0,1,20,22,22,22,22,22,33,19,18,4,5,23,23,23,23],
    "uvs":[],
    "normals":[0,1,0,0,1,0,-0,1,0,-5.32907e-15,-1,2.98023e-08,-1.19209e-07,1,-2.98024e-08,-5.13215e-09,1,-5.83216e-08,-3.97364e-08,1,-3.97365e-08,-1.85852e-08,1,-4.48686e-08,3.97364e-08,1,3.97365e-08,3.19745e-14,1,-1.19209e-07,1,6.53993e-08,2.83122e-07,-2.68221e-07,-1.30799e-07,1,-1,-1.96198e-07,-2.23517e-07,2.5332e-07,2.83397e-07,-1,-0.92388,-3.91032e-08,-0.382683,0.92388,-1.95516e-08,-0.382683,-0.92388,3.91032e-08,0.382683,0.92388,9.77579e-09,0.382684,6.39489e-14,1,-2.98023e-08,3.97365e-08,1,-3.97364e-08,0.382683,7.82063e-08,0.92388,-0.382683,-7.82063e-08,-0.92388,0.382684,-8.79821e-08,-0.92388,-0.382684,8.79821e-08,0.923879],
    "vertices":[0,1.03095,-0.75,0.53033,1.03095,-0.53033,0.75,1.03095,-1.22808e-08,0.53033,1.03095,0.53033,-6.55671e-08,1.03095,0.75,-0.53033,1.03095,0.53033,-0.75,1.03095,-5.4008e-08,-0.53033,1.03095,-0.53033,1,-1,-1,1,-1,1,-1,-1,1,-1,-1,-1,1,0.367092,-0.999999,0.999999,0.367092,1,-1,0.367092,1,-1,0.367092,-1,0.75,0.367092,1.67375e-08,0.53033,0.367092,0.53033,-6.55671e-08,0.367092,0.75,-0.53033,0.367092,0.53033,0.53033,0.367092,-0.53033,-0.75,0.367092,-2.49897e-08,0,0.367092,-0.75,-0.53033,0.367092,-0.53033],
    "metadata":{
        "faces":31,
        "uvs":0,
        "generator":"io_three",
        "vertices":24,
        "normals":24,
        "type":"Geometry",
        "version":3
    }
}