{
    "faces":[32,6,3,2,0,0,0,32,8,10,11,1,1,1,32,12,15,22,2,2,2,32,12,9,8,3,3,3,32,13,10,9,4,4,4,32,10,15,11,5,5,5,32,8,15,12,6,6,6,32,21,7,23,7,7,7,32,20,2,16,8,8,8,32,19,6,21,9,9,9,32,16,3,17,10,10,10,32,18,14,13,0,0,0,32,17,4,18,11,11,11,32,23,0,22,12,12,12,32,22,1,20,13,13,13,32,18,5,19,14,14,14,32,2,1,0,0,0,0,32,0,7,6,0,0,0,32,6,5,4,0,0,0,32,4,3,6,15,15,15,32,2,0,6,2,2,2,32,8,9,10,1,1,1,32,15,14,21,16,16,16,32,15,21,23,0,0,0,32,20,16,12,0,0,0,32,15,23,22,0,0,0,32,22,20,12,0,0,0,32,12,13,9,17,17,17,32,13,14,10,18,18,18,32,10,14,15,19,19,19,32,8,11,15,20,20,20,32,21,6,7,21,21,21,32,20,1,2,22,22,22,32,19,5,6,23,23,23,32,16,2,3,24,24,24,32,19,21,14,25,25,25,32,13,12,16,26,26,26,32,13,16,17,27,27,27,32,18,19,14,2,2,2,32,13,17,18,2,2,2,32,17,3,4,28,28,28,32,23,7,0,29,29,29,32,22,0,1,13,13,13,32,18,4,5,14,14,14],
    "vertices":[2,5.0381,0.5,3.06066,5.0381,0.93934,3.5,5.0381,2,3.06066,5.0381,3.06066,2,5.0381,3.5,0.93934,5.0381,3.06066,0.500001,5.0381,2,0.93934,5.0381,0.93934,4,0.0381014,1.07288e-06,4,0.0381014,4,7.15256e-07,0.0381014,4,1.66893e-06,0.0381014,2.38419e-07,4,3.5,1.78814e-06,4,3.5,4,4.76837e-07,3.5,4,1.19209e-06,3.5,8.34465e-07,3.5,3.5,2,3.06066,3.5,3.06066,2,3.5,3.5,0.93934,3.5,3.06066,3.06066,3.5,0.93934,0.500001,3.5,2,2,3.5,0.5,0.93934,3.5,0.93934],
    "normals":[0,1,0,0,-1,0,-0,1,0,1,-2.75477e-07,0,-1.19209e-07,-2.75477e-07,1,-1,-1.37739e-07,-2.38419e-07,2.38419e-07,2.06608e-07,-1,-0.92388,-7.16045e-08,-0.382683,0.923879,1.72869e-07,-0.382683,-0.92388,-1.01264e-07,0.382683,0.92388,1.43209e-07,0.382683,0.382683,2.96596e-08,0.92388,-0.382683,-5.93191e-08,-0.92388,0.382683,5.93191e-08,-0.92388,-0.382683,-2.96596e-08,0.92388,0,1,-0,2.38419e-07,1,-5.96046e-08,1,3.44346e-07,5.36442e-07,-4.76837e-07,1.37739e-07,1,-1,-6.88693e-08,-1.78814e-07,2.08616e-07,1.72173e-07,-1,-0.92388,-4.1945e-08,-0.382683,0.92388,1.43209e-07,-0.382683,-0.92388,-7.16045e-08,0.382683,0.92388,1.13549e-07,0.382684,-1.58946e-07,1,-1.58946e-07,-2.38419e-07,1,-5.96048e-08,1.58946e-07,1,-1.58946e-07,0.382683,5.93191e-08,0.92388,-0.382683,-2.96596e-08,-0.92388],
    "metadata":{
        "faces":44,
        "version":3,
        "type":"Geometry",
        "normals":30,
        "uvs":0,
        "generator":"io_three",
        "vertices":24
    },
    "uvs":[]
}