{
    "uvs":[],
    "vertices":[0,5.0381,-1.5,1.06066,5.0381,-1.06066,1.5,5.0381,-1.54655e-07,1.06066,5.0381,1.06066,-1.31134e-07,5.0381,1.5,-1.06066,5.0381,1.06066,-1.5,5.0381,-2.3811e-07,-1.06066,5.0381,-1.06066,2,0,-2,2,0,2,-2,0,2,-2,0,-2,2,3.5,-2,2,3.5,2,-2,3.5,2,-2,3.5,-2,1.5,3.5,-2.06632e-07,1.06066,3.5,1.06066,2.78116e-08,3.5,1.5,-1.06066,3.5,1.06066,1.06066,3.5,-1.06066,-1.5,3.5,-2.90086e-07,1.58946e-07,3.5,-1.5,-1.06066,3.5,-1.06066],
    "normals":[0,1,0,0,-1,0,-0,1,0,1,-3.40598e-07,0,-8.9407e-08,-2.38419e-07,1,-1,-1.36239e-07,-2.38419e-07,2.38419e-07,2.04359e-07,-1,-0.92388,-7.16045e-08,-0.382683,0.92388,8.45365e-08,-0.382683,-0.92388,-8.45365e-08,0.382683,0.92388,7.16045e-08,0.382683,0.382683,3.95461e-08,0.92388,-0.382683,-3.95461e-08,-0.92388,0.382683,2.96596e-08,-0.92388,-0.382683,-2.96596e-08,0.923879,0,1,-0,2.38419e-07,1,-5.96046e-08,1,3.40598e-07,5.96047e-07,-4.47035e-07,1.70299e-07,1,-1,-6.81196e-08,-1.78814e-07,2.08616e-07,1.70299e-07,-1,-0.92388,-5.86726e-08,-0.382683,0.92388,7.16045e-08,-0.382683,-0.92388,-7.16045e-08,0.382683,0.92388,5.86726e-08,0.382684,-1.58946e-07,1,-1.58946e-07,-2.38419e-07,1,-5.96048e-08,1.58946e-07,1,-1.58946e-07,0.382683,2.96596e-08,0.92388,-0.382683,-2.96596e-08,-0.92388,0.382683,3.95461e-08,-0.92388,-0.382683,-3.95461e-08,0.923879],
    "metadata":{
        "uvs":0,
        "vertices":24,
        "generator":"io_three",
        "version":3,
        "type":"Geometry",
        "normals":32,
        "faces":44
    },
    "faces":[32,6,3,2,0,0,0,32,8,10,11,1,1,1,32,12,15,22,2,2,2,32,12,9,8,3,3,3,32,13,10,9,4,4,4,32,10,15,11,5,5,5,32,8,15,12,6,6,6,32,21,7,23,7,7,7,32,20,2,16,8,8,8,32,19,6,21,9,9,9,32,16,3,17,10,10,10,32,18,14,13,0,0,0,32,17,4,18,11,11,11,32,23,0,22,12,12,12,32,22,1,20,13,13,13,32,18,5,19,14,14,14,32,2,1,0,0,0,0,32,0,7,6,0,0,0,32,6,5,4,0,0,0,32,4,3,6,15,15,15,32,2,0,6,2,2,2,32,8,9,10,1,1,1,32,15,14,21,16,16,16,32,15,21,23,0,0,0,32,20,16,12,0,0,0,32,15,23,22,0,0,0,32,22,20,12,0,0,0,32,12,13,9,17,17,17,32,13,14,10,18,18,18,32,10,14,15,19,19,19,32,8,11,15,20,20,20,32,21,6,7,21,21,21,32,20,1,2,22,22,22,32,19,5,6,23,23,23,32,16,2,3,24,24,24,32,19,21,14,25,25,25,32,13,12,16,26,26,26,32,13,16,17,27,27,27,32,18,19,14,2,2,2,32,13,17,18,2,2,2,32,17,3,4,28,28,28,32,23,7,0,29,29,29,32,22,0,1,30,30,30,32,18,4,5,31,31,31]
}