{
    "vertices":[-2,0,2,-2,3.5,2,-2,0,-2,-2,3.5,-2,2,0,2,2,3.5,2,2,0,-2,2,3.5,-2,-0.839048,5,-0.839048,-0.307113,5,-1.14616,0.307113,5,-1.14616,0.839048,5,-0.839048,1.14616,5,-0.307113,1.14616,5,0.307113,0.839048,5,0.839048,0.307113,5,1.14616,-0.307113,5,1.14616,-0.839048,5,0.839048,-1.14616,5,0.307113,-1.14616,5,-0.307112,-0.307113,3.5,-1.14616,-0.839048,3.5,-0.839048,-1.14616,3.5,-0.307112,-1.14616,3.5,0.307114,-0.839048,3.5,0.839049,-0.307113,3.5,1.14616,0.307113,3.5,-1.14616,0.839048,3.5,-0.839048,1.14616,3.5,-0.307113,1.14616,3.5,0.307113,0.839048,3.5,0.839048,0.307113,3.5,1.14616],
    "faces":[32,1,2,0,0,0,0,32,3,6,2,1,1,1,32,7,4,6,2,2,2,32,5,0,4,3,3,3,32,6,0,2,4,4,4,32,30,31,5,5,5,5,32,18,12,10,6,6,6,32,21,9,20,7,7,7,32,21,20,3,6,6,6,32,20,10,26,8,8,8,32,26,11,27,9,9,9,32,28,13,29,10,10,10,32,23,19,22,11,11,11,32,27,12,28,12,12,12,32,24,18,23,13,13,13,32,25,17,24,14,14,14,32,29,14,30,15,15,15,32,22,8,21,16,16,16,32,31,16,25,17,17,17,32,30,15,31,18,18,18,32,1,3,2,0,0,0,32,3,7,6,19,19,19,32,7,5,4,10,10,10,32,5,1,0,20,20,20,32,6,4,0,4,4,4,32,7,27,28,5,5,5,32,7,28,29,5,5,5,32,25,24,1,21,21,21,32,31,25,5,5,5,5,32,5,7,29,22,22,22,32,5,29,30,21,21,21,32,25,1,5,5,5,5,32,10,9,8,22,22,22,32,8,19,18,5,5,5,32,18,17,14,23,23,23,32,16,15,14,5,5,5,32,14,13,12,6,6,6,32,12,11,10,5,5,5,32,10,8,18,5,5,5,32,17,16,14,5,5,5,32,14,12,18,24,24,24,32,21,8,9,25,25,25,32,1,24,23,26,26,26,32,1,23,22,6,6,6,32,26,27,7,5,5,5,32,20,26,7,5,5,5,32,3,1,22,5,5,5,32,3,22,21,23,23,23,32,20,7,3,6,6,6,32,20,9,10,8,8,8,32,26,10,11,27,27,27,32,28,12,13,28,28,28,32,23,18,19,29,29,29,32,27,11,12,12,12,12,32,24,17,18,13,13,13,32,25,16,17,30,30,30,32,29,13,14,31,31,31,32,22,19,8,32,32,32,32,31,15,16,33,33,33,32,30,14,15,34,34,34],
    "uvs":[],
    "normals":[-1,0,0,0,-6.81196e-08,-1,1,-0,0,0,3.40598e-08,1,0,-1,0,0,1,0,0,1,-0,-0.5,0,-0.866026,1.94081e-07,0,-1,0.5,-3.44128e-08,-0.866025,1,0,0,-1,3.08483e-14,7.76322e-07,0.866026,-1.98682e-08,-0.5,-0.866025,1.98682e-08,0.5,-0.5,3.44128e-08,0.866026,0.866026,1.98682e-08,0.5,-0.866026,-1.98682e-08,-0.5,1.94081e-07,-0,1,0.5,-0,0.866025,-0,-6.81196e-08,-1,-0,3.40598e-08,1,-0,1,0,-0,1,0,0,1,0,-0,1,-0,-0.5,-3.44128e-08,-0.866026,0,1,-0,0.5,0,-0.866025,1,0,0,-1,3.08483e-14,7.76322e-07,-0.5,0,0.866026,0.866026,1.98682e-08,0.5,-0.866026,-1.98682e-08,-0.5,1.94081e-07,0,1,0.5,3.44127e-08,0.866025],
    "metadata":{
        "vertices":32,
        "uvs":0,
        "normals":35,
        "type":"Geometry",
        "faces":60,
        "version":3,
        "generator":"io_three"
    }
}